label,metaGroupId,groupId,goodPeakCount,medMz,medRt,maxQuality,note,compound,compoundId,formula,expectedRtDiff,ppmDiff,parent,091215_0i,091215_0M,091215_1i,091215_1M,091215_3i,091215_3M,091215_5i,091215_5M,091215_15i,091215_15M,091215_45i,091215_45M,091215_120i,091215_120M,091215_240i,091215_240M
,0,1,4,808.1191,15.86441,0.8287114,C12 PARENT,Acetyl CoA,HMDB01206,C23H38N7O17P3S,0.004406929,0.7552748,808.1191,5367.899,4711.324,4161.432,3774.777,1794.735,6808.693,2621.898,4674.641,2517.229,4254.374,2095.991,5505.555,1280.698,3513.453,2184.308,3156.327
,0,2,4,809.1229,15.87298,0.8285909,C13-label-1,Acetyl CoA,HMDB01206,C23H38N7O17P3S,0.01298141,1.206941,808.1191,1003.555,1177.852,1128.872,1011.079,273.9748,1778.936,984.978,1048.766,683.236,975.0424,706.9973,1324.443,534.4962,551.9457,328.3502,697.7847
,0,3,3,810.1253,15.86621,0.8410999,C13-label-2,Acetyl CoA,HMDB01206,C23H38N7O17P3S,0.006209373,0.0753404,808.1191,131.6266,208.7372,297.8701,0.0,909.0418,227.7582,1750.041,152.8209,3069.896,0.0,2930.785,0.0,3207.289,345.2101,3212.55,215.1744
,0,4,1,811.1297,15.8581,0.6704182,C13-label-3,Acetyl CoA,HMDB01206,C23H38N7O17P3S,0.001900673,1.35445,808.1191,0.0,0.0,0.0,0.0,0.0,0.0,300.167,0.0,415.9005,0.0,401.2025,0.0,864.4028,0.0,466.3895,0.0
,0,5,0,814.1334,15.9592,0.09700405,C13-label-6,Acetyl CoA,HMDB01206,C23H38N7O17P3S,0.09920025,6.447333,808.1191,0.0,0.0,163.4459,0.0,0.0,0.0,0.0,0.0,0.0,0.0,0.0,0.0,0.0,0.0,0.0,0.0
,0,6,0,815.136,15.8599,0.08152265,C13-label-7,Acetyl CoA,HMDB01206,C23H38N7O17P3S,9.918213e-05,7.412795,808.1191,0.0,0.0,0.0,0.0,0.0,0.0,167.9432,0.0,0.0,0.0,0.0,0.0,0.0,0.0,172.1945,0.0
,0,7,0,823.1631,15.9137,0.06526061,C13-label-15,Acetyl CoA,HMDB01206,C23H38N7O17P3S,0.05370045,6.895632,808.1191,0.0,0.0,0.0,0.0,0.0,0.0,0.0,130.235,0.0,0.0,0.0,0.0,0.0,0.0,0.0,0.0
,0,8,0,826.179,15.932,0.09957491,C13-label-18,Acetyl CoA,HMDB01206,C23H38N7O17P3S,0.07200146,0.07387644,808.1191,0.0,329.3119,355.3971,373.239,472.7161,0.0,308.936,573.0131,0.0,0.0,190.6654,935.9506,0.0,0.0,0.0,0.0
,0,9,0,827.1849,15.9289,0.09845804,C13-label-19,Acetyl CoA,HMDB01206,C23H38N7O17P3S,0.06890011,3.24662,808.1191,0.0,0.0,0.0,0.0,0.0,0.0,0.0,175.415,0.0,0.0,0.0,0.0,0.0,0.0,0.0,0.0
,0,10,0,828.1815,15.9565,0.09198587,C13-label-20,Acetyl CoA,HMDB01206,C23H38N7O17P3S,0.0965004,5.011425,808.1191,0.0,0.0,0.0,0.0,0.0,0.0,0.0,0.0,0.0,0.0,0.0,126.5004,0.0,0.0,0.0,0.0
,0,11,10,744.0844,15.30847,0.803968,C12 PARENT,NADPH,HMDB00221,C21H30N7O17P3,0.4384689,0.6562181,744.0844,45189.18,39563.43,42664.04,40435.74,25512.12,29053.11,39131.36,45296.86,32198.42,44902.66,23362.46,31164.5,882.5622,18673.54,151.3454,13228.21
,0,12,8,745.0883,15.31437,0.838724,C13-label-1,NADPH,HMDB00221,C21H30N7O17P3,0.4443712,1.474502,744.0844,8899.606,8819.428,8474.991,7966.379,4871.178,5747.333,8888.756,8998.973,6829.492,10081.34,4244.083,5663.935,0.0,3799.452,0.0,2696.056
,0,13,4,746.0898,15.31111,0.8187318,C13-label-2,NADPH,HMDB00221,C21H30N7O17P3,0.4411058,1.063486,744.0844,1580.232,1508.821,1367.679,1627.551,861.3924,1329.597,1409.411,1573.205,1356.412,1961.607,853.8315,1075.292,0.0,581.6092,0.0,644.5399
,0,14,0,747.0922,15.3276,0.07869512,C13-label-3,NADPH,HMDB00221,C21H30N7O17P3,0.4575996,2.287509,744.0844,0.0,308.3673,176.9239,426.7362,0.0,223.3906,167.5146,184.7799,151.6996,236.4379,161.463,0.0,0.0,0.0,0.0,0.0
,0,15,1,749.1011,15.3249,0.8431848,C13-label-5,NADPH,HMDB00221,C21H30N7O17P3,0.4548998,0.5703454,744.0844,0.0,0.0,0.0,0.0,0.0,0.0,0.0,0.0,0.0,0.0,0.0,0.0,0.0,183.8095,0.0,1336.543
,0,16,11,664.1181,14.16803,0.8123892,C12 PARENT,NADH,HMDB01487,C21H29N7O14P2,0.02803135,0.9190415,664.1182,49996.59,48535.04,74054.28,92370.44,127332.5,182821.3,89308.71,111698.5,62421.88,97361.25,74207.45,92211.2,41983.84,30107.7,36564.28,25501.31
,0,17,15,665.1218,14.17184,0.8412355,C13-label-1,NADH,HMDB01487,C21H29N7O14P2,0.03183842,1.376483,664.1182,10415.79,10138.1,13488.1,16129.52,24559.88,36357.45,16475.42,20282.12,13699.02,17552.84,14359.26,18427.17,9385.151,5070.462,7514.496,5188.388
,0,18,14,666.124,14.17471,0.8314853,C13-label-2,NADH,HMDB01487,C21H29N7O14P2,0.03470707,0.2748819,664.1182,1163.607,1739.968,2061.056,2826.536,3388.178,6131.337,2268.502,3567.864,1926.228,2991.342,2757.039,2639.496,1661.07,1334.665,1703.669,1297.052
,0,19,2,667.127,14.17451,0.7581198,C13-label-3,NADH,HMDB01487,C21H29N7O14P2,0.03451347,0.9148948,664.1182,196.9421,0.0,265.206,203.6275,336.9784,868.7559,602.2462,637.0665,191.9497,372.6439,508.448,339.9283,567.1213,268.4696,837.7079,314.0721
,0,20,0,668.1309,14.189,0.2084949,C13-label-4,NADH,HMDB01487,C21H29N7O14P2,0.04899979,0.0,664.1182,0.0,0.0,0.0,0.0,0.0,0.0,0.0,0.0,0.0,0.0,159.5867,149.4043,613.0466,158.2951,319.7973,213.4027
,0,21,5,669.1348,14.19109,0.8450596,C13-label-5,NADH,HMDB01487,C21H29N7O14P2,0.05108547,0.7297209,664.1182,0.0,0.0,0.0,0.0,0.0,0.0,0.0,0.0,167.559,0.0,3783.647,1726.432,5630.672,2595.243,12905.81,5121.637
,0,22,0,670.139,14.1645,0.3569781,C13-label-6,NADH,HMDB01487,C21H29N7O14P2,0.02449989,2.003728,664.1182,0.0,0.0,0.0,0.0,0.0,0.0,0.0,0.0,0.0,0.0,563.8568,0.0,1302.289,259.8859,1661.148,314.5075
,0,23,0,671.1403,14.1165,0.09061046,C13-label-7,NADH,HMDB01487,C21H29N7O14P2,0.02350044,1.091308,664.1182,0.0,0.0,0.0,0.0,0.0,0.0,0.0,0.0,0.0,0.0,0.0,0.0,0.0,0.0,277.5598,0.0
,0,24,1,674.1523,14.1477,0.8270518,C13-label-10,NADH,HMDB01487,C21H29N7O14P2,0.007699013,1.901263,664.1182,0.0,0.0,0.0,0.0,0.0,0.0,0.0,0.0,0.0,0.0,0.0,0.0,311.7376,0.0,1080.439,0.0
,0,25,0,675.1542,14.1318,0.1051657,C13-label-11,NADH,HMDB01487,C21H29N7O14P2,0.008199692,0.2712053,664.1182,0.0,0.0,0.0,0.0,0.0,0.0,0.0,0.0,0.0,0.0,0.0,0.0,0.0,0.0,238.5138,0.0
,0,26,16,662.1021,9.146938,0.8222773,C12 PARENT,NAD+,HMDB00902,C21H27N7O14P2,0.5269384,0.3687357,662.1021,111436.4,120737.4,75423.34,103030.1,77205.66,81105.43,87756.44,93124.85,69062.18,96137.69,93610.71,96333.22,81500.41,99945.72,61535.02,82957.8
,0,27,16,663.1058,9.145034,0.8256108,C13-label-1,NAD+,HMDB00902,C21H27N7O14P2,0.525034,0.8284001,662.1021,21633.87,22378.48,14723.84,17601.76,15363.96,14474.16,15872.16,19169.94,13481.71,19264.26,16857.4,19308.73,14421.96,19914.67,12746.74,14592.86
,0,28,14,664.108,9.145034,0.8456169,C13-label-2,NAD+,HMDB00902,C21H27N7O14P2,0.525034,0.9190539,662.1021,3294.32,3400.779,2640.173,2905.32,1991.585,2478.246,2168.537,2626.995,2409.946,2838.896,2733.659,3747.906,3699.158,3667.851,2865.571,2702.617
,0,29,5,665.1108,9.158376,0.8250356,C13-label-3,NAD+,HMDB00902,C21H27N7O14P2,0.5383759,1.651801,662.1021,722.3647,554.9193,199.0937,231.8592,374.3839,643.3868,690.4221,993.6241,443.9616,624.6105,523.1379,483.2295,935.4636,787.3416,1746.898,1752.112
,0,30,1,666.1163,9.162058,0.6317437,C13-label-4,NAD+,HMDB00902,C21H27N7O14P2,0.542058,1.466056,662.1021,0.0,0.0,0.0,0.0,0.0,0.0,0.0,0.0,0.0,0.0,428.0256,0.0,605.7289,448.4636,1313.74,1057.157
,0,31,4,667.1188,9.162122,0.8326833,C13-label-5,NAD+,HMDB00902,C21H27N7O14P2,0.5421219,0.1829814,662.1021,0.0,0.0,0.0,0.0,0.0,0.0,0.0,0.0,283.817,0.0,4190.355,1766.112,10289.47,7066.591,21397.11,14450.95
,0,32,3,668.1224,9.168157,0.8161104,C13-label-6,NAD+,HMDB00902,C21H27N7O14P2,0.5481567,0.6394731,662.1021,0.0,0.0,0.0,0.0,0.0,0.0,0.0,0.0,0.0,0.0,466.4513,0.0,1925.064,1209.896,3143.513,2083.161
,0,33,0,669.1249,9.158465,0.1096977,C13-label-7,NAD+,HMDB00902,C21H27N7O14P2,0.5384655,0.7297306,662.1021,0.0,0.0,0.0,0.0,0.0,0.0,0.0,0.0,0.0,0.0,0.0,146.9736,597.0577,147.3017,734.3687,494.4824
,0,34,0,670.1282,9.1799,0.06493127,C13-label-8,NAD+,HMDB00902,C21H27N7O14P2,0.5599003,0.8197178,662.1021,0.0,0.0,0.0,0.0,0.0,0.0,0.0,0.0,0.0,0.0,0.0,0.0,0.0,156.3874,210.4109,0.0
,0,35,0,671.1335,9.135484,0.08802802,C13-label-9,NAD+,HMDB00902,C21H27N7O14P2,0.5154839,2.091702,662.1021,0.0,0.0,0.0,0.0,0.0,0.0,0.0,0.0,0.0,0.0,0.0,0.0,0.0,0.0,252.2192,0.0
,0,36,1,672.1356,9.165106,0.6627043,C13-label-10,NAD+,HMDB00902,C21H27N7O14P2,0.5451059,0.2724235,662.1021,0.0,0.0,0.0,0.0,0.0,0.0,0.0,0.0,0.0,0.0,167.3104,0.0,549.7576,571.4988,2238.429,389.8896
,0,37,0,673.1396,9.120234,0.09751494,C13-label-11,NAD+,HMDB00902,C21H27N7O14P2,0.5002337,1.178742,662.1021,0.0,0.0,0.0,0.0,0.0,0.0,0.0,0.0,0.0,0.0,0.0,0.0,0.0,0.0,532.9037,0.0
,0,38,16,611.1453,12.87146,0.7982515,C12 PARENT,glutathione disulfide,HMDB03337,C20H32N6O12S2,0.06853867,0.898832,611.1453,633102.2,233176.1,592066.7,217866.1,723651.5,227921.0,714246.5,240408.9,488337.1,251495.4,922502.2,265834.5,1017900.0,436036.0,896482.8,318093.3
,0,39,15,612.149,12.86956,0.8092718,C13-label-1,glutathione disulfide,HMDB03337,C20H32N6O12S2,0.07043839,1.495598,611.1453,123730.0,44754.25,113855.1,40773.39,136252.1,44406.66,135203.9,39303.04,95036.22,48100.63,181633.4,54204.55,199097.7,86513.66,183603.8,62763.38
,0,40,2,613.1503,12.8378,0.8231269,C13-label-2,glutathione disulfide,HMDB03337,C20H32N6O12S2,0.1021996,1.791781,611.1453,0.0,0.0,0.0,0.0,0.0,0.0,0.0,0.0,0.0,0.0,0.0,0.0,123292.7,0.0,203377.5,0.0
,0,41,1,614.1532,12.81785,0.8219776,C13-label-3,glutathione disulfide,HMDB03337,C20H32N6O12S2,0.1221495,2.583899,611.1453,0.0,145.9006,0.0,0.0,0.0,0.0,0.0,0.0,0.0,0.0,0.0,0.0,22801.13,0.0,52479.44,2017.46
,0,42,2,615.1564,12.88232,0.8110955,C13-label-4,glutathione disulfide,HMDB03337,C20H32N6O12S2,0.05768204,2.877341,611.1453,0.0,204.099,277.7264,0.0,379.6227,0.0,159.3971,140.6951,0.0,170.5268,187.7738,0.0,14131.35,148.4025,51275.8,361.9753
,0,43,2,616.1606,12.84687,0.8475327,C13-label-5,glutathione disulfide,HMDB03337,C20H32N6O12S2,0.09313297,1.485856,611.1453,0.0,0.0,0.0,0.0,0.0,0.0,0.0,0.0,0.0,0.0,0.0,0.0,5682.283,0.0,23461.14,325.2316
,0,44,1,617.167,12.8378,0.8112717,C13-label-6,glutathione disulfide,HMDB03337,C20H32N6O12S2,0.1021996,3.461361,611.1453,0.0,0.0,0.0,0.0,0.0,126.3998,0.0,0.0,0.0,0.0,0.0,0.0,1633.821,0.0,7660.277,0.0
,0,45,1,618.1685,12.8371,0.8263655,C13-label-7,glutathione disulfide,HMDB03337,C20H32N6O12S2,0.1028996,0.394942,611.1453,0.0,0.0,0.0,0.0,0.0,0.0,0.0,0.0,0.0,0.0,0.0,0.0,0.0,0.0,2735.08,0.0
,0,46,1,619.1675,12.8302,0.6168864,C13-label-8,glutathione disulfide,HMDB03337,C20H32N6O12S2,0.1097994,6.505984,611.1453,0.0,0.0,0.0,0.0,0.0,0.0,0.0,0.0,0.0,0.0,0.0,0.0,219.9786,0.0,831.1465,0.0
,0,47,0,620.1732,12.8675,0.08897849,C13-label-9,glutathione disulfide,HMDB03337,C20H32N6O12S2,0.07250023,2.755649,611.1453,0.0,0.0,0.0,0.0,0.0,0.0,0.0,0.0,0.0,0.0,0.0,0.0,0.0,0.0,235.3846,0.0
,0,48,0,625.1938,12.9546,0.09266639,C13-label-14,glutathione disulfide,HMDB03337,C20H32N6O12S2,0.01460075,3.416921,611.1453,0.0,0.0,0.0,0.0,0.0,0.0,0.0,0.0,131.127,0.0,0.0,0.0,0.0,0.0,0.0,0.0
,0,49,0,629.2075,12.9892,0.07987075,C13-label-18,glutathione disulfide,HMDB03337,C20H32N6O12S2,0.04920006,3.78314,611.1453,0.0,0.0,146.9004,0.0,0.0,0.0,0.0,0.0,0.0,0.0,0.0,0.0,0.0,0.0,0.0,0.0
,0,50,16,606.0748,13.37124,0.8181904,C12 PARENT,UDP-N-acetyl-glucosamine,HMDB00290,C17H27N3O17P2,0.2087622,0.8056458,606.0747,1104947.0,2514939.0,968273.2,2214537.0,1070877.0,2070921.0,1055327.0,2413878.0,880112.2,2231914.0,742994.0,2079711.0,556604.9,2056128.0,334132.5,1116935.0
,0,51,16,607.0782,13.37124,0.8202559,C13-label-1,UDP-N-acetyl-glucosamine,HMDB00290,C17H27N3O17P2,0.2087622,0.9048535,606.0747,188528.0,471555.5,165386.4,407287.8,184185.7,364361.2,184980.5,450461.9,151249.7,409057.0,125309.3,378595.5,95492.44,363830.1,62899.64,194239.8
,0,52,14,608.0798,13.37029,0.8249343,C13-label-2,UDP-N-acetyl-glucosamine,HMDB00290,C17H27N3O17P2,0.209712,2.107841,606.0747,37034.76,95879.4,30038.33,79308.72,32229.84,76121.46,35873.44,92943.72,28196.83,80414.85,29573.76,75629.68,27776.03,82247.15,23126.02,41346.46
,0,53,15,609.0832,13.376,0.829138,C13-label-3,UDP-N-acetyl-glucosamine,HMDB00290,C17H27N3O17P2,0.2040005,1.903953,606.0747,6253.584,13329.17,4879.779,13339.39,5778.797,11145.46,5607.568,12200.8,4031.748,12048.3,5122.201,13123.83,9982.939,23621.28,6490.912,17303.65
,0,54,11,610.0892,13.3722,0.8457799,C13-label-4,UDP-N-acetyl-glucosamine,HMDB00290,C17H27N3O17P2,0.2077999,2.501081,606.0747,397.193,1990.77,224.4229,1622.07,2652.979,1551.246,4142.979,3997.538,5408.164,8046.919,7984.209,11158.78,10684.66,19197.43,9003.895,15902.59
,0,55,8,611.0916,13.38151,0.8357781,C13-label-5,UDP-N-acetyl-glucosamine,HMDB00290,C17H27N3O17P2,0.1984911,0.7990319,606.0747,0.0,0.0,0.0,0.0,258.8938,0.0,1212.059,482.1421,3285.181,5759.038,31037.3,26493.45,52972.81,150951.5,60057.25,111564.3
,0,56,11,612.0948,13.37936,0.8225032,C13-label-6,UDP-N-acetyl-glucosamine,HMDB00290,C17H27N3O17P2,0.2006407,0.5982916,606.0747,0.0,0.0,0.0,0.0,3120.571,1846.485,9501.828,11551.57,30362.07,83020.09,149022.1,281023.6,205588.4,766819.3,181889.3,1012203.0
,0,57,10,613.0989,13.3829,0.8040984,C13-label-7,UDP-N-acetyl-glucosamine,HMDB00290,C17H27N3O17P2,0.1970997,1.791937,606.0747,0.0,0.0,0.0,0.0,241.3951,0.0,1670.661,1674.976,4607.582,9564.325,29598.68,31794.9,58188.5,89347.94,61241.68,118125.6
,0,58,8,614.1007,13.38151,0.8248219,C13-label-8,UDP-N-acetyl-glucosamine,HMDB00290,C17H27N3O17P2,0.1984901,0.6957259,606.0747,0.0,0.0,0.0,0.0,217.5159,0.0,2002.637,665.4019,18912.63,2580.539,151318.8,8767.43,260506.2,28824.17,268651.8,52388.87
,0,59,4,615.1046,13.37727,0.7976985,C13-label-9,UDP-N-acetyl-glucosamine,HMDB00290,C17H27N3O17P2,0.2027292,0.1984546,606.0747,0.0,0.0,0.0,0.0,0.0,0.0,0.0,0.0,1321.651,0.0,13022.64,964.0707,25332.88,7000.35,29448.59,7902.923
,0,60,4,616.1075,13.38817,0.8445963,C13-label-10,UDP-N-acetyl-glucosamine,HMDB00290,C17H27N3O17P2,0.1918297,0.5943942,606.0747,0.0,0.0,0.0,0.0,0.0,0.0,0.0,0.0,315.7316,0.0,4990.405,894.1863,9561.173,8488.716,14384.2,6146.294
,0,61,6,617.1115,13.37665,0.8469054,C13-label-11,UDP-N-acetyl-glucosamine,HMDB00290,C17H27N3O17P2,0.2033491,0.4945232,606.0747,0.0,0.0,0.0,0.0,0.0,0.0,0.0,0.0,0.0,0.0,11481.1,5950.16,27290.78,58021.7,46949.91,47353.9
,0,62,5,618.1147,13.37246,0.8405495,C13-label-12,UDP-N-acetyl-glucosamine,HMDB00290,C17H27N3O17P2,0.2075405,0.1974882,606.0747,0.0,0.0,0.0,0.0,0.0,0.0,0.0,0.0,0.0,0.0,2539.91,0.0,8755.574,3871.969,18542.9,4284.054
,0,63,5,619.1186,13.37157,0.8361313,C13-label-13,UDP-N-acetyl-glucosamine,HMDB00290,C17H27N3O17P2,0.2084332,1.084425,606.0747,0.0,0.0,0.0,0.0,0.0,0.0,0.0,0.0,0.0,0.0,10612.62,346.0975,32278.8,3688.776,79410.49,5996.938
,0,64,3,620.1216,13.37244,0.840746,C13-label-14,UDP-N-acetyl-glucosamine,HMDB00290,C17H27N3O17P2,0.2075605,0.5905473,606.0747,0.0,0.0,0.0,0.0,0.0,0.0,0.0,0.0,0.0,0.0,1058.568,0.0,3588.217,1743.448,15583.79,3650.607
,0,65,2,621.1255,13.35533,0.8429006,C13-label-15,UDP-N-acetyl-glucosamine,HMDB00290,C17H27N3O17P2,0.2246656,1.473983,606.0747,0.0,0.0,0.0,0.0,0.0,0.0,0.0,0.0,0.0,0.0,318.1905,0.0,2815.407,0.0,12564.83,0.0
,0,66,2,622.1292,13.3343,0.7129549,C13-label-16,UDP-N-acetyl-glucosamine,HMDB00290,C17H27N3O17P2,0.2456999,1.962142,606.0747,0.0,0.0,0.0,0.0,0.0,0.0,0.0,0.0,0.0,0.0,0.0,0.0,1022.354,0.0,4125.015,305.5734
,0,67,0,623.1284,13.3397,0.09169985,C13-label-17,UDP-N-acetyl-glucosamine,HMDB00290,C17H27N3O17P2,0.2402992,4.799506,606.0747,0.0,0.0,0.0,0.0,0.0,0.0,0.0,0.0,0.0,0.0,0.0,0.0,0.0,0.0,421.6733,0.0
,0,68,11,579.0275,15.05336,0.8002794,C12 PARENT,UDP-D-glucuronate,HMDB00935,C15H22N2O18P2,0.3733616,0.737869,579.0275,366007.3,635433.1,324025.1,605279.2,396376.5,598460.9,359683.2,613526.1,338798.6,581540.0,335148.1,639656.7,98845.26,284669.3,44145.23,190055.8
,0,69,8,580.0309,15.0524,0.8267568,C13-label-1,UDP-D-glucuronate,HMDB00935,C15H22N2O18P2,0.3723993,0.8418201,579.0275,53979.36,99789.98,49399.18,95534.52,55510.89,94144.43,53769.78,95236.45,52391.7,88650.81,50222.53,100609.7,17102.25,44331.23,6399.812,27047.74
,0,70,9,581.0321,15.05336,0.8114115,C13-label-2,UDP-D-glucuronate,HMDB00935,C15H22N2O18P2,0.3733616,2.836237,579.0275,12260.9,19264.02,10717.63,19558.04,11428.47,18441.43,9319.858,19249.56,10397.96,18144.5,9906.039,21648.17,2978.761,9718.052,1701.859,6305.336
,0,71,3,582.0356,15.05526,0.8451652,C13-label-3,UDP-D-glucuronate,HMDB00935,C15H22N2O18P2,0.3752613,2.516753,579.0275,1879.781,3052.963,1212.727,2824.063,1425.965,3149.677,1418.878,2808.103,1502.756,2715.818,1531.752,3379.171,1171.268,1360.987,1039.966,1827.331
,0,72,1,583.04,15.06537,0.632803,C13-label-4,UDP-D-glucuronate,HMDB00935,C15H22N2O18P2,0.3853664,0.7327898,579.0275,0.0,201.2831,0.0,0.0,0.0,133.2593,0.0,0.0,0.0,311.8203,189.2789,435.8047,959.1662,1236.515,855.5388,779.7297
,0,73,5,584.0449,15.07146,0.845654,C13-label-5,UDP-D-glucuronate,HMDB00935,C15H22N2O18P2,0.3914547,1.881079,579.0275,0.0,0.0,0.0,0.0,142.8702,0.0,0.0,0.0,1275.322,1412.979,2530.004,2655.29,9892.975,11686.8,10414.75,9057.979
,0,74,8,585.0476,15.05989,0.8062761,C13-label-6,UDP-D-glucuronate,HMDB00935,C15H22N2O18P2,0.3798904,0.7302763,579.0275,0.0,0.0,0.0,0.0,2584.005,1150.69,1788.699,6353.913,21433.88,22683.17,33185.81,42850.47,119663.8,155063.1,133539.7,137615.1
,0,75,3,586.0512,15.05836,0.816603,C13-label-7,UDP-D-glucuronate,HMDB00935,C15H22N2O18P2,0.3783646,1.145612,579.0275,0.0,0.0,0.0,0.0,202.8918,0.0,141.7926,400.8316,2864.297,1643.888,2793.264,3578.951,9673.578,12654.38,11645.44,12406.48
,0,76,5,587.0524,15.07858,0.8402969,C13-label-8,UDP-D-glucuronate,HMDB00935,C15H22N2O18P2,0.3985748,2.599214,579.0275,0.0,0.0,0.0,0.0,0.0,0.0,0.0,0.0,561.2377,477.4623,546.8152,1329.278,3024.169,4846.967,4139.89,3984.12
,0,77,2,588.0574,15.04792,0.8175202,C13-label-9,UDP-D-glucuronate,HMDB00935,C15H22N2O18P2,0.3679199,0.2075824,579.0275,0.0,0.0,0.0,0.0,0.0,0.0,0.0,0.0,0.0,0.0,161.835,0.0,1063.769,1333.55,2331.946,384.7103
,0,78,1,589.0609,15.04095,0.7196803,C13-label-10,UDP-D-glucuronate,HMDB00935,C15H22N2O18P2,0.3609495,0.5180719,579.0275,0.0,0.0,0.0,0.0,0.0,0.0,0.0,0.0,0.0,0.0,0.0,0.0,1855.725,2541.077,3805.029,892.8509
,0,79,4,590.0646,15.05094,0.8397902,C13-label-11,UDP-D-glucuronate,HMDB00935,C15H22N2O18P2,0.3709393,1.13782,579.0275,0.0,0.0,0.0,0.0,0.0,0.0,0.0,0.0,0.0,0.0,634.4833,0.0,13216.96,15336.35,32309.48,6574.219
,0,80,0,591.0685,15.0447,0.3483008,C13-label-12,UDP-D-glucuronate,HMDB00935,C15H22N2O18P2,0.3647003,2.065253,579.0275,0.0,0.0,0.0,0.0,0.0,0.0,139.5162,0.0,0.0,0.0,0.0,0.0,1244.352,596.4622,4315.595,238.124
,0,81,0,592.0709,15.04473,0.1031136,C13-label-13,UDP-D-glucuronate,HMDB00935,C15H22N2O18P2,0.3647251,0.5154381,579.0275,0.0,0.0,0.0,0.0,0.0,0.0,0.0,0.0,0.0,0.0,0.0,0.0,429.787,507.524,4000.995,535.1141
,0,82,0,593.0751,15.03332,0.3009371,C13-label-14,UDP-D-glucuronate,HMDB00935,C15H22N2O18P2,0.3533239,1.852438,579.0275,0.0,0.0,0.0,0.0,0.0,0.0,0.0,0.0,0.0,0.0,0.0,0.0,160.6822,627.6731,1707.641,223.6839
,0,83,0,594.0771,15.0381,0.088958,C13-label-15,UDP-D-glucuronate,HMDB00935,C15H22N2O18P2,0.358099,0.3082182,579.0275,0.0,129.6112,0.0,0.0,0.0,0.0,0.0,0.0,0.0,0.0,0.0,0.0,0.0,0.0,217.3821,0.0
,0,84,16,565.0482,13.33601,0.822211,C12 PARENT,UDP-D-glucose,HMDB00286,C15H24N2O17P2,0.1039934,0.7561238,565.0483,696488.2,480760.7,590128.2,424881.2,545490.1,418470.3,564182.4,336189.8,288420.7,204952.2,118180.7,52093.94,44525.26,22858.23,23342.28,18302.36
,0,85,15,566.0515,13.33506,0.8445747,C13-label-1,UDP-D-glucose,HMDB00286,C15H24N2O17P2,0.1049433,0.5391311,565.0483,111332.1,72556.59,94174.1,65927.07,85943.07,62970.18,86459.48,50133.62,42903.77,28075.4,18358.51,8284.515,6423.193,3757.482,4387.609,2335.728
,0,86,12,567.0529,13.33315,0.8347802,C13-label-2,UDP-D-glucose,HMDB00286,C15H24N2O17P2,0.1068497,2.798521,565.0483,20081.91,13186.52,14699.77,12338.95,17083.77,12867.0,15981.23,9101.136,7921.163,5958.455,2790.608,1790.474,1931.778,1474.799,1211.446,1136.136
,0,87,10,568.0571,13.33411,0.8445994,C13-label-3,UDP-D-glucose,HMDB00286,C15H24N2O17P2,0.1058931,1.289344,565.0483,2643.445,1925.831,2039.531,1714.2,2400.013,1474.653,2555.073,2174.566,1383.452,2702.95,2243.18,3208.132,4296.905,3773.336,2460.464,1901.283
,0,88,7,569.0615,13.3375,0.845443,C13-label-4,UDP-D-glucose,HMDB00286,C15H24N2O17P2,0.102499,0.5362794,565.0483,195.7578,0.0,0.0,0.0,0.0,169.1326,394.0606,1224.718,1036.395,1560.546,1715.088,2599.613,2435.034,2950.872,2622.885,2411.813
,0,89,12,570.0651,13.34001,0.8274437,C13-label-5,UDP-D-glucose,HMDB00286,C15H24N2O17P2,0.09999084,0.9636039,565.0483,0.0,0.0,0.0,0.0,2631.627,2735.809,4415.9,5548.67,14225.5,12915.79,33446.97,21723.69,33272.34,25035.15,28103.31,20028.14
,0,90,14,571.0683,13.3431,0.8309637,C13-label-6,UDP-D-glucose,HMDB00286,C15H24N2O17P2,0.09690094,0.7481529,565.0483,0.0,0.0,4406.93,2944.902,47744.77,43420.79,80837.79,96575.93,202029.2,230372.2,495756.2,370163.6,439120.1,381701.5,355439.5,308039.8
,0,91,12,572.0717,13.34201,0.825135,C13-label-7,UDP-D-glucose,HMDB00286,C15H24N2O17P2,0.09798622,0.7468407,565.0483,0.0,0.0,159.7444,227.4701,4375.042,3408.043,6586.863,8806.011,17710.78,20244.37,44908.52,32852.07,38550.32,32579.97,31685.92,25096.95
,0,92,11,573.0732,13.33747,0.8384282,C13-label-8,UDP-D-glucose,HMDB00286,C15H24N2O17P2,0.1025248,2.449609,565.0483,0.0,0.0,0.0,0.0,1382.819,1620.875,2402.137,2688.217,5833.461,4833.019,13961.4,10048.01,12691.07,10685.47,11906.65,7310.408
,0,93,3,574.0777,13.34869,0.7767242,C13-label-9,UDP-D-glucose,HMDB00286,C15H24N2O17P2,0.0913105,0.4252743,565.0483,0.0,0.0,0.0,0.0,0.0,0.0,0.0,437.075,407.9135,693.7403,3209.762,1767.604,4329.407,4051.001,6472.219,1438.402
,0,94,5,575.0816,13.3411,0.826116,C13-label-10,UDP-D-glucose,HMDB00286,C15H24N2O17P2,0.09889984,0.5306655,565.0483,0.0,0.0,0.0,0.0,0.0,0.0,0.0,0.0,0.0,0.0,3624.613,1577.565,9163.259,5906.703,13819.9,2273.832
,0,95,6,576.0853,13.34464,0.82188,C13-label-11,UDP-D-glucose,HMDB00286,C15H24N2O17P2,0.09535789,1.059482,565.0483,0.0,0.0,0.0,0.0,0.0,0.0,0.0,0.0,1378.341,0.0,31186.2,9503.264,56885.61,40387.23,85820.81,17939.74
,0,96,3,577.0892,13.3411,0.8284897,C13-label-12,UDP-D-glucose,HMDB00286,C15H24N2O17P2,0.09889984,2.009517,565.0483,0.0,0.0,0.0,0.0,0.0,0.0,0.0,0.0,0.0,0.0,1577.877,785.1696,6996.969,2035.405,14873.32,720.9807
,0,97,3,578.0918,13.32842,0.7983122,C13-label-13,UDP-D-glucose,HMDB00286,C15H24N2O17P2,0.1115837,0.7390633,565.0483,0.0,0.0,0.0,0.0,0.0,0.0,0.0,0.0,0.0,0.0,900.7227,771.0112,6227.472,2560.075,16026.73,1435.895
,0,98,3,579.0954,13.34618,0.8094636,C13-label-14,UDP-D-glucose,HMDB00286,C15H24N2O17P2,0.0938158,1.159373,565.0483,0.0,0.0,0.0,0.0,0.0,0.0,0.0,0.0,0.0,0.0,343.6872,463.2401,1937.863,909.4675,7003.89,733.0789
,0,99,0,580.0936,13.3397,0.09014598,C13-label-15,UDP-D-glucose,HMDB00286,C15H24N2O17P2,0.1002989,7.680712,565.0483,0.0,0.0,0.0,0.0,0.0,0.0,0.0,0.0,0.0,0.0,0.0,0.0,0.0,0.0,358.4675,0.0
,0,100,16,505.9888,15.32086,0.8260422,C12 PARENT,ATP,HMDB00538,C10H16N5O13P3,0.3808565,0.6031279,505.9888,602536.8,679218.8,444483.7,483905.5,822963.2,813410.7,417192.8,561399.8,376409.8,634010.4,1125429.0,1088407.0,420438.7,325486.6,336173.6,372330.4
,0,101,16,506.9921,15.31991,0.8358498,C13-label-1,ATP,HMDB00538,C10H16N5O13P3,0.3799076,0.421354,505.9888,59838.82,73083.23,46187.04,50099.11,89429.0,90830.44,44522.74,62057.09,38991.63,73150.32,123597.0,125834.8,44999.32,36730.38,35846.58,37691.82
,0,102,15,507.9932,15.32275,0.8257723,C13-label-2,ATP,HMDB00538,C10H16N5O13P3,0.3827505,3.96492,505.9888,11896.84,14753.5,7574.318,9866.948,17537.55,15791.8,7848.563,11182.45,7823.18,13811.01,25981.79,20309.56,9256.649,6235.146,7246.162,6895.722
,0,103,10,508.9969,15.32751,0.7941329,C13-label-3,ATP,HMDB00538,C10H16N5O13P3,0.3875132,3.357543,505.9888,891.2588,1106.51,962.3174,604.3253,1549.669,1386.952,847.4482,1091.549,632.8314,1521.785,3303.21,2426.862,3597.827,4272.885,3840.841,748.3561
,0,104,3,510.0023,15.32966,0.8349071,C13-label-4,ATP,HMDB00538,C10H16N5O13P3,0.389658,0.8377343,505.9888,0.0,0.0,122.2847,0.0,0.0,0.0,0.0,0.0,0.0,0.0,2420.49,576.1746,4159.439,4933.228,5178.922,1391.949
,0,105,7,511.0057,15.33941,0.8268099,C13-label-5,ATP,HMDB00538,C10H16N5O13P3,0.3994122,0.8958101,505.9888,0.0,0.0,0.0,0.0,0.0,0.0,0.0,0.0,1148.572,147.3836,34435.15,10847.53,54762.7,66827.6,83005.29,20926.73
,0,106,5,512.009,15.32118,0.823724,C13-label-6,ATP,HMDB00538,C10H16N5O13P3,0.3811836,0.7152437,505.9888,0.0,0.0,0.0,0.0,0.0,0.0,0.0,0.0,0.0,0.0,4423.366,681.364,8839.214,6864.465,12782.95,1047.484
,0,107,3,513.0109,15.32512,0.8360696,C13-label-7,ATP,HMDB00538,C10H16N5O13P3,0.3851194,2.141535,505.9888,0.0,0.0,0.0,0.0,0.0,0.0,0.0,0.0,0.0,0.0,353.5667,0.0,1376.687,1368.897,2467.169,198.1658
,0,108,16,482.9617,15.18853,0.8305,C12 PARENT,UTP,HMDB00285,C9H15N2O15P3,0.3785257,0.9478269,482.9617,160065.4,70149.29,132618.4,54122.42,220620.4,83871.82,132417.2,62239.75,98977.62,66313.91,275429.0,104465.1,108131.0,63395.12,73883.34,47046.39
,0,109,15,483.965,15.19329,0.8247333,C13-label-1,UTP,HMDB00285,C9H15N2O15P3,0.3832932,0.7566895,482.9617,13594.26,6187.56,12791.98,4699.193,19289.46,6584.127,11986.05,5046.364,9225.728,6192.42,26106.51,8896.918,9514.946,5563.35,7823.824,4193.555
,0,110,14,484.9659,15.18758,0.8381248,C13-label-2,UTP,HMDB00285,C9H15N2O15P3,0.3775816,4.279036,482.9617,3938.466,1635.252,3189.215,1487.206,4777.459,2191.523,3320.834,1535.071,2416.642,1304.468,5976.855,2195.91,2200.198,1270.794,1587.141,1070.37
,0,111,3,485.9704,15.18749,0.8381371,C13-label-3,UTP,HMDB00285,C9H15N2O15P3,0.3774891,1.946709,482.9617,289.168,0.0,0.0,0.0,398.7875,0.0,159.0966,0.0,297.9356,0.0,2098.981,360.877,1196.821,579.184,976.4258,122.4658
,0,112,0,486.9741,15.20756,0.2335483,C13-label-4,UTP,HMDB00285,C9H15N2O15P3,0.3975601,1.316021,482.9617,0.0,568.8377,0.0,0.0,0.0,0.0,0.0,729.4116,975.335,638.5051,1938.3,426.0876,1264.949,846.5026,2097.521,629.0107
,0,113,7,487.9783,15.19594,0.8200263,C13-label-5,UTP,HMDB00285,C9H15N2O15P3,0.3859425,0.4377718,482.9617,248.9495,137.4608,0.0,323.9796,320.7937,265.0132,745.7634,0.0,2898.967,190.2851,31991.88,5997.68,16931.46,6472.006,22086.44,3352.268
,0,114,3,488.9817,15.14663,0.7692336,C13-label-6,UTP,HMDB00285,C9H15N2O15P3,0.3366299,0.6241051,482.9617,0.0,714.4714,0.0,152.4924,0.0,1019.827,142.9869,428.5527,323.9453,601.8303,1959.789,293.8492,2034.121,450.8325,3544.527,158.9186
,0,115,2,489.9854,15.17957,0.8049182,C13-label-7,UTP,HMDB00285,C9H15N2O15P3,0.3695717,1.307937,482.9617,0.0,110.9238,0.0,0.0,0.0,0.0,0.0,0.0,0.0,0.0,946.227,278.9994,1667.751,129.3809,3961.952,305.7987
,0,116,0,490.9887,15.18223,0.1371627,C13-label-8,UTP,HMDB00285,C9H15N2O15P3,0.3722258,1.180953,482.9617,0.0,0.0,0.0,0.0,0.0,0.0,0.0,0.0,0.0,0.0,743.6229,145.6564,524.3226,0.0,1961.839,0.0
,0,117,0,491.9879,15.1522,0.08089646,C13-label-9,UTP,HMDB00285,C9H15N2O15P3,0.3422003,7.319384,482.9617,0.0,0.0,0.0,0.0,0.0,0.0,0.0,0.0,0.0,0.0,0.0,0.0,0.0,0.0,159.4693,0.0
,0,118,15,440.1326,14.11759,0.7862839,C12 PARENT,folate,HMDB00121,C19H19N7O6,0.5175867,0.4853609,440.1326,274367.8,486682.2,281932.8,530779.8,277498.0,460832.1,301716.9,534876.9,255702.9,451014.1,220302.8,453217.2,266601.1,470906.7,238687.5,450968.2
,0,119,14,441.1358,14.11949,0.8187575,C13-label-1,folate,HMDB00121,C19H19N7O6,0.5194864,0.1383591,440.1326,53782.58,97127.55,58985.82,104311.1,52465.02,84336.26,60228.28,106850.9,52475.99,95113.27,41396.28,88505.15,52152.81,94156.01,48369.96,89197.48
,0,120,9,442.1393,14.12234,0.8140586,C13-label-2,folate,HMDB00121,C19H19N7O6,0.522337,0.3451128,440.1326,2916.498,7178.659,3884.441,6849.537,3093.247,5882.958,3527.033,6459.666,3449.766,5559.614,1993.532,5003.292,2341.45,5609.305,3020.409,5099.666
,0,121,1,443.1401,14.12044,0.7435743,C13-label-3,folate,HMDB00121,C19H19N7O6,0.520443,5.302704,440.1326,270.3067,559.3908,178.2598,827.9772,355.7371,1060.911,287.1511,631.2997,181.4798,421.8834,158.0446,452.545,145.963,983.3605,131.8488,637.7806
,0,122,0,444.1439,14.0712,0.06624604,C13-label-4,folate,HMDB00121,C19H19N7O6,0.4712,4.397486,440.1326,0.0,0.0,0.0,0.0,0.0,116.5125,0.0,0.0,0.0,0.0,0.0,0.0,0.0,0.0,115.3854,0.0
,0,123,0,447.1603,14.1122,0.06093926,C13-label-7,folate,HMDB00121,C19H19N7O6,0.5121994,9.827738,440.1326,0.0,0.0,0.0,0.0,0.0,0.0,0.0,0.0,121.9888,0.0,0.0,0.0,0.0,0.0,0.0,0.0
,0,124,0,448.1577,14.1096,0.09192458,C13-label-8,folate,HMDB00121,C19H19N7O6,0.5095997,3.54096,440.1326,0.0,0.0,0.0,0.0,0.0,0.0,0.0,0.0,0.0,0.0,0.0,0.0,119.8441,0.0,126.0893,0.0
,0,125,0,454.1753,14.119,0.07346588,C13-label-14,folate,HMDB00121,C19H19N7O6,0.5190001,8.936641,440.1326,180.5238,563.5698,0.0,179.2651,0.0,170.6238,125.6078,380.3559,162.2719,251.3445,0.0,0.0,0.0,0.0,0.0,233.2764
,0,126,16,426.0225,14.09473,0.8218039,C12 PARENT,ADP,HMDB01341,C10H15N5O10P2,0.2947321,0.7163378,426.0225,81674.79,67519.15,81131.16,69053.66,112736.4,198325.6,83139.03,82036.25,68014.34,85054.4,108018.6,86902.62,57907.93,31141.87,42104.57,41180.7
,0,127,15,427.0254,14.09951,0.8245875,C13-label-1,ADP,HMDB01341,C10H15N5O10P2,0.2995062,0.2143964,426.0225,6706.367,6125.234,7437.924,6040.156,11211.09,20732.53,7664.256,8445.694,6062.266,6573.253,9726.291,8703.295,5397.722,3628.703,3818.151,3494.797
,0,128,6,428.0266,14.09855,0.8018989,C13-label-2,ADP,HMDB01341,C10H15N5O10P2,0.2985516,5.418643,426.0225,1183.393,739.3201,1061.901,1037.618,1376.097,2689.881,1282.896,1054.566,924.4905,1074.672,1017.003,1502.739,906.6877,181.9534,391.6648,246.4023
,0,129,0,429.0339,14.10642,0.06121624,C13-label-3,ADP,HMDB01341,C10H15N5O10P2,0.3064156,3.841085,426.0225,314.945,360.9553,186.017,0.0,108.107,176.2176,192.4073,0.0,167.2661,189.5451,273.4831,130.4294,148.8584,304.3482,218.5099,0.0
,0,130,1,430.037,14.07026,0.5600276,C13-label-4,ADP,HMDB01341,C10H15N5O10P2,0.2702589,3.193436,426.0225,0.0,0.0,0.0,0.0,0.0,129.5171,0.0,0.0,0.0,0.0,0.0,0.0,307.5899,292.1794,783.2415,121.8477
,0,131,3,431.039,14.10187,0.8177112,C13-label-5,ADP,HMDB01341,C10H15N5O10P2,0.3018723,0.07080005,426.0225,0.0,0.0,0.0,0.0,0.0,0.0,0.0,0.0,149.7847,0.0,3136.98,720.8066,7147.885,5085.111,10778.84,1918.12
,0,132,1,432.0431,14.09734,0.7482568,C13-label-6,ADP,HMDB01341,C10H15N5O10P2,0.2973404,1.765891,426.0225,0.0,0.0,0.0,0.0,0.0,0.0,0.0,0.0,0.0,0.0,143.4153,169.7871,1017.566,441.8163,1595.254,0.0
,0,133,0,433.0461,14.1096,0.05843285,C13-label-7,ADP,HMDB01341,C10H15N5O10P2,0.3095999,1.127551,426.0225,0.0,0.0,0.0,0.0,0.0,0.0,0.0,0.0,0.0,0.0,0.0,0.0,154.0581,0.0,117.0803,0.0
,0,134,0,435.0529,14.10009,0.04972032,C13-label-9,ADP,HMDB01341,C10H15N5O10P2,0.3000898,1.332791,426.0225,215.263,119.1162,0.0,179.0294,133.2823,112.4296,0.0,216.654,330.1716,0.0,176.5837,111.6915,0.0,131.1144,0.0,0.0
,0,135,15,402.9953,13.70157,0.8167464,C12 PARENT,UDP,HMDB00295,C9H14N2O12P2,0.1084318,0.8329965,402.9952,36546.95,13167.96,42623.85,13427.28,64567.05,45825.25,42240.48,17495.67,29095.11,15548.32,46501.0,18754.27,27020.99,12839.44,19312.56,11079.16
,0,136,9,403.9986,13.69871,0.8365286,C13-label-1,UDP,HMDB00295,C9H14N2O12P2,0.1112881,0.6798499,402.9952,2651.731,1135.781,3456.135,1661.617,5704.381,4345.668,2792.004,1521.398,1929.391,1373.891,4159.188,2024.292,2643.926,1074.044,2189.23,973.9941
,0,137,0,404.9996,13.71569,0.1982225,C13-label-2,UDP,HMDB00295,C9H14N2O12P2,0.0943079,4.973215,402.9952,548.2627,195.6191,721.1476,113.9089,858.1172,1190.53,815.9897,151.1602,474.8001,268.0615,712.8968,188.0845,356.089,221.9144,237.1372,0.0
,0,138,0,406.0045,13.69432,0.06430287,C13-label-3,UDP,HMDB00295,C9H14N2O12P2,0.1156759,1.202648,402.9952,0.0,0.0,0.0,0.0,0.0,154.1866,0.0,0.0,0.0,0.0,183.9392,0.0,156.9329,0.0,127.255,0.0
,0,139,0,407.0088,13.6955,0.04988059,C13-label-4,UDP,HMDB00295,C9H14N2O12P2,0.114501,1.124703,402.9952,0.0,0.0,0.0,0.0,0.0,0.0,0.0,0.0,0.0,0.0,333.0636,0.0,243.8226,0.0,304.7325,0.0
,0,140,3,408.0121,13.70801,0.7759064,C13-label-5,UDP,HMDB00295,C9H14N2O12P2,0.1019859,0.8227542,402.9952,0.0,0.0,0.0,0.0,0.0,0.0,0.0,0.0,463.516,0.0,5439.623,1092.73,4188.068,1336.343,6465.2,728.9951
,0,141,0,409.0156,13.6603,0.4056295,C13-label-6,UDP,HMDB00295,C9H14N2O12P2,0.1497011,1.193798,402.9952,0.0,0.0,0.0,0.0,0.0,0.0,0.0,0.0,0.0,0.0,0.0,0.0,583.1447,0.0,827.751,0.0
,0,142,1,410.0193,13.6679,0.8264962,C13-label-7,UDP,HMDB00295,C9H14N2O12P2,0.1421003,2.084033,402.9952,0.0,0.0,0.0,0.0,0.0,0.0,0.0,0.0,0.0,0.0,0.0,0.0,380.5385,0.0,1143.159,0.0
,0,143,0,411.0227,13.6596,0.08248165,C13-label-8,UDP,HMDB00295,C9H14N2O12P2,0.1504002,2.227442,402.9952,0.0,0.0,0.0,0.0,0.0,0.0,0.0,0.0,0.0,0.0,0.0,0.0,0.0,0.0,806.1035,0.0
,0,144,14,338.989,13.60352,0.8280089,C12 PARENT,fructose-1-6-bisphosphate,HMDB01058,C6H14O12P2,0.1035194,0.6301773,338.989,60755.94,147863.7,38007.22,112357.4,12849.95,35591.0,7729.459,15579.52,5977.752,11921.29,4626.979,6906.428,692.4099,378.209,1083.785,1092.785
,0,145,6,339.9925,13.62396,0.8330953,C13-label-1,fructose-1-6-bisphosphate,HMDB01058,C6H14O12P2,0.1239634,0.8975965,338.989,2900.715,9896.79,2127.756,6883.367,1150.154,2739.67,188.907,1362.295,389.5834,445.0764,154.6177,568.9468,184.4195,125.2523,0.0,0.0
,0,146,8,341.9989,13.62027,0.805622,C13-label-3,fructose-1-6-bisphosphate,HMDB01058,C6H14O12P2,0.120266,0.08923298,338.989,0.0,0.0,19783.46,26581.61,11832.38,62514.0,7478.611,33196.78,7421.575,18696.38,2111.934,6486.709,0.0,403.4922,0.0,844.5071
,0,147,6,343.0023,13.62533,0.7951518,C13-label-4,fructose-1-6-bisphosphate,HMDB01058,C6H14O12P2,0.1253319,0.2669159,338.989,0.0,0.0,949.1987,1150.7,1375.791,5839.502,666.6014,3779.475,607.722,2307.363,179.654,710.7862,0.0,115.6114,0.0,108.9481
,0,148,11,344.0059,13.61838,0.8253538,C13-label-5,fructose-1-6-bisphosphate,HMDB01058,C6H14O12P2,0.1183777,1.064549,338.989,0.0,0.0,4565.463,2663.221,9094.001,19141.15,7846.02,21401.96,8105.998,19523.45,3488.949,6522.867,1370.913,1856.377,1569.975,1338.101
,0,149,14,345.0091,13.61945,0.8188934,C13-label-6,fructose-1-6-bisphosphate,HMDB01058,C6H14O12P2,0.1194477,0.6191812,338.989,0.0,0.0,67162.81,56340.77,133413.7,242213.9,109639.6,258479.2,114600.9,270158.6,64941.66,102219.5,25591.2,29211.41,22984.4,24402.36
,0,150,15,323.0288,10.14891,0.8305055,C12 PARENT,UMP,HMDB00288,C9H13N2O9P,0.1489067,0.6613131,323.0288,31909.77,36297.31,43713.89,37434.2,51860.66,28674.2,58994.81,56887.72,42518.93,77086.6,40820.01,41536.04,23384.11,46443.6,20183.51,45018.39
,0,151,9,324.0322,10.14797,0.7430869,C13-label-1,UMP,HMDB00288,C9H13N2O9P,0.1479673,0.7534462,323.0288,2803.071,2996.751,3516.089,3132.092,5291.633,2490.955,6177.432,5334.758,3934.554,7058.744,4000.344,4386.014,2113.959,4075.552,1684.091,4133.191
,0,152,1,325.0333,10.13559,0.6224771,C13-label-2,UMP,HMDB00288,C9H13N2O9P,0.1355867,6.196743,323.0288,257.4203,546.8145,534.3204,314.4873,779.7963,475.3232,658.4494,1204.707,640.3919,1108.808,250.9753,495.9874,201.8509,864.7803,272.2656,771.1783
,0,153,0,326.0381,10.12897,0.06911276,C13-label-3,UMP,HMDB00288,C9H13N2O9P,0.1289721,1.778421,323.0288,0.0,0.0,0.0,0.0,0.0,0.0,101.7273,0.0,85.50845,0.0,150.2604,0.0,99.79681,573.4053,311.0614,108.669
,0,154,0,327.0425,10.187,0.0740382,C13-label-4,UMP,HMDB00288,C9H13N2O9P,0.1869993,1.586337,323.0288,0.0,0.0,0.0,0.0,0.0,0.0,0.0,0.0,0.0,0.0,0.0,0.0,0.0,0.0,179.0126,0.0
,0,155,3,328.0448,10.17443,0.6810699,C13-label-5,UMP,HMDB00288,C9H13N2O9P,0.1744251,1.767542,323.0288,90.73502,0.0,0.0,0.0,0.0,0.0,138.8848,0.0,0.0,0.0,1748.125,403.5433,2312.818,3780.479,4816.592,2085.635
,0,156,0,329.0491,10.14028,0.05563875,C13-label-6,UMP,HMDB00288,C9H13N2O9P,0.140275,1.020193,323.0288,0.0,0.0,0.0,0.0,0.0,0.0,0.0,0.0,0.0,0.0,0.0,0.0,101.8897,110.3244,791.3874,96.9184
,0,157,0,330.0523,10.13733,0.04834814,C13-label-7,UMP,HMDB00288,C9H13N2O9P,0.1373253,0.6472404,323.0288,0.0,0.0,0.0,0.0,97.36005,0.0,100.0607,0.0,0.0,0.0,0.0,0.0,115.8329,0.0,197.431,0.0
,0,158,0,331.0556,10.0956,0.06457666,C13-label-8,UMP,HMDB00288,C9H13N2O9P,0.09560013,0.3687307,323.0288,0.0,0.0,0.0,0.0,0.0,0.0,0.0,0.0,0.0,0.0,0.0,0.0,0.0,0.0,399.3208,0.0
,0,159,7,306.0764,7.989006,0.700492,C12 PARENT,glutathione,HMDB00125,C10H17N3O6S,0.2890062,0.4985285,306.0764,105408.8,15346.96,57331.49,7826.493,55503.47,13772.07,50101.86,5548.642,37289.8,4698.943,93102.12,11623.03,54628.75,8365.341,44272.75,4523.933
,0,160,1,307.0798,7.989981,0.732008,C13-label-1,glutathione,HMDB00125,C10H17N3O6S,0.2899809,0.3975197,306.0764,10217.95,1847.668,4868.928,718.1624,4397.016,1053.325,5095.275,512.4366,3627.252,421.7321,8556.342,1416.44,4171.521,539.5197,3888.3,467.5999
,0,161,2,308.0816,7.975662,0.8082367,C13-label-2,glutathione,HMDB00125,C10H17N3O6S,0.2756624,5.249982,306.0764,1209.123,134.7303,271.0804,0.0,469.7133,0.0,222.7866,0.0,174.7696,0.0,1212.028,137.6172,1832.253,0.0,3097.859,123.535
,0,162,0,309.0864,7.9666,0.1062734,C13-label-3,glutathione,HMDB00125,C10H17N3O6S,0.2666001,0.5924083,306.0764,0.0,0.0,0.0,0.0,0.0,0.0,0.0,0.0,0.0,0.0,114.2011,0.0,151.9982,0.0,549.6402,0.0
,0,163,0,310.0902,8.022511,0.08699732,C13-label-4,glutathione,HMDB00125,C10H17N3O6S,0.3225117,0.6889067,306.0764,0.0,0.0,0.0,0.0,0.0,0.0,0.0,0.0,0.0,0.0,144.9122,0.0,168.5951,0.0,568.2099,0.0
,0,164,0,311.0934,7.915416,0.05921021,C13-label-5,glutathione,HMDB00125,C10H17N3O6S,0.2154164,0.2942935,306.0764,0.0,0.0,0.0,0.0,0.0,0.0,0.0,0.0,0.0,0.0,0.0,0.0,0.0,0.0,191.07,0.0
,0,165,0,314.1058,7.921958,0.06025837,C13-label-8,glutathione,HMDB00125,C10H17N3O6S,0.2219582,7.578304,306.0764,0.0,0.0,0.0,0.0,0.0,138.2937,0.0,0.0,0.0,0.0,0.0,0.0,0.0,282.1056,0.0,0.0
,0,166,13,259.0227,6.612549,0.8033417,C12 PARENT,glucose-6-phosphate,HMDB01401,C6H13O9P,0.2374511,0.9425461,259.0227,49984.58,53458.11,23960.55,18394.08,15746.87,11256.4,14810.0,5828.517,10205.23,5535.174,21579.86,10635.81,16205.05,5919.408,17662.62,4363.08
,0,167,4,260.0261,6.612547,0.8282952,C13-label-1,glucose-6-phosphate,HMDB01401,C6H13O9P,0.237453,1.056273,259.0227,2638.932,3086.884,1288.441,1161.045,920.454,530.4225,1057.613,297.8836,361.7065,189.0072,1054.022,362.4339,1083.593,250.0269,986.4308,129.2955
,0,168,0,261.0273,6.629814,0.2886611,C13-label-2,glucose-6-phosphate,HMDB01401,C6H13O9P,0.2201858,7.248576,259.0227,679.363,947.2078,400.3205,0.0,307.2242,0.0,0.0,0.0,93.78192,0.0,243.863,0.0,202.4949,0.0,0.0,0.0
,0,169,0,262.0326,6.608006,0.05217284,C13-label-3,glucose-6-phosphate,HMDB01401,C6H13O9P,0.2419934,0.3493945,259.0227,0.0,0.0,0.0,330.7798,0.0,203.6984,110.1917,455.0183,0.0,0.0,102.0712,280.1728,0.0,338.8254,0.0,0.0
,0,170,0,263.0363,6.595367,0.05464963,C13-label-4,glucose-6-phosphate,HMDB01401,C6H13O9P,0.2546329,1.508268,259.0227,0.0,0.0,0.0,94.41397,0.0,486.5066,0.0,129.192,103.3692,273.7348,0.0,279.1889,0.0,0.0,0.0,0.0
,0,171,6,264.0395,6.603645,0.836596,C13-label-5,glucose-6-phosphate,HMDB01401,C6H13O9P,0.2463551,1.040217,259.0227,0.0,0.0,1142.77,1708.977,1240.594,1974.085,1200.073,2762.755,1580.494,2895.314,1765.937,2447.656,1335.412,3657.862,1438.874,3583.457
,0,172,14,265.0429,6.607994,0.8201481,C13-label-6,glucose-6-phosphate,HMDB01401,C6H13O9P,0.2420063,1.151422,259.0227,0.0,0.0,16388.96,21117.6,24577.26,29182.91,27023.83,49589.03,28124.6,55778.0,28785.98,47107.25,27242.73,53116.84,27037.78,47494.8
,0,173,16,218.1034,11.27315,0.8217211,C12 PARENT,pantothenate,HMDB00210,C9H17NO5,0.2731504,0.06996126,218.1034,2755892.0,3707906.0,2780217.0,3807083.0,2727250.0,3394074.0,2733042.0,3808406.0,2362652.0,3452789.0,2380748.0,3353641.0,2979971.0,3568408.0,2761242.0,3567893.0
,0,174,16,219.1067,11.26935,0.822573,C13-label-1,pantothenate,HMDB00210,C9H17NO5,0.2693501,0.1392818,218.1034,276612.8,346124.6,270622.6,376205.8,270990.0,321869.8,269833.4,372382.8,237441.0,345712.0,233768.9,329438.9,289963.6,351075.4,269668.0,347143.1
,0,175,0,220.1121,11.26408,0.09068723,C13-label-2,pantothenate,HMDB00210,C9H17NO5,0.2640772,9.012047,218.1034,556.9204,307.1189,455.2368,634.1012,430.3024,445.2274,337.5692,506.0146,0.0,859.8801,0.0,604.0561,291.3133,1158.81,0.0,368.0007
,0,176,5,221.1121,11.2741,0.8228735,C13-label-3,pantothenate,HMDB00210,C9H17NO5,0.2740993,6.210798,218.1034,1879.353,1807.281,1731.62,831.7329,788.6981,1604.064,1135.168,1245.911,1781.935,1378.221,1542.279,2132.371,1647.398,1639.699,1021.905,1039.519
,0,177,1,222.1171,11.26764,0.7482595,C13-label-4,pantothenate,HMDB00210,C9H17NO5,0.267642,1.030457,218.1034,319.4525,487.8931,131.3583,550.7455,292.7542,527.0239,319.1365,530.452,0.0,469.5716,0.0,517.6752,312.0738,563.6956,137.6795,578.9404
,0,178,0,223.1203,11.26547,0.2145417,C13-label-5,pantothenate,HMDB00210,C9H17NO5,0.2654715,0.5471057,218.1034,165.871,457.9992,334.6754,543.2061,126.748,339.5639,116.0824,550.3099,0.0,526.421,0.0,321.7536,261.7973,377.5525,130.5307,454.7251
,0,179,0,224.1235,11.27232,0.07612057,C13-label-6,pantothenate,HMDB00210,C9H17NO5,0.272315,0.06808205,218.1034,0.0,326.1947,278.9497,543.6234,102.4881,443.3102,104.6664,493.4985,0.0,342.6482,0.0,456.7581,114.6415,472.8273,156.4914,495.0156
,0,180,0,225.1267,11.29806,0.06663734,C13-label-7,pantothenate,HMDB00210,C9H17NO5,0.2980595,0.7455648,218.1034,0.0,283.4402,0.0,149.8736,0.0,0.0,0.0,172.8422,0.0,141.44,0.0,0.0,0.0,139.7977,0.0,0.0
,0,181,0,226.1294,11.2678,0.05759666,C13-label-8,pantothenate,HMDB00210,C9H17NO5,0.2677994,3.711283,218.1034,0.0,137.1032,0.0,141.0213,0.0,0.0,0.0,124.7824,0.0,0.0,0.0,0.0,0.0,0.0,0.0,0.0
,0,182,0,227.1317,11.2835,0.05958246,C13-label-9,pantothenate,HMDB00210,C9H17NO5,0.2834997,8.128756,218.1034,0.0,0.0,0.0,0.0,0.0,0.0,0.0,117.6771,0.0,0.0,0.0,0.0,0.0,0.0,0.0,0.0
,0,183,16,203.0825,7.796064,0.810518,C12 PARENT,tryptophan,HMDB00929,C11H12N2O2,0.2960639,0.601087,203.0825,1283833.0,1544198.0,1259784.0,1463149.0,1210469.0,1495568.0,1228222.0,1481439.0,1113060.0,1442673.0,1108503.0,1363524.0,1156110.0,1431124.0,1129159.0,1251336.0
,0,184,16,204.0858,7.791296,0.8196593,C13-label-1,tryptophan,HMDB00929,C11H12N2O2,0.291296,0.9719643,203.0825,151875.5,182461.2,151592.3,175821.6,142249.4,174983.2,143197.9,175369.6,136644.5,168314.4,133738.5,160814.2,140778.8,172049.2,130854.3,151904.6
,0,185,16,205.0891,7.795147,0.8244525,C13-label-2,tryptophan,HMDB00929,C11H12N2O2,0.2951474,0.9672092,203.0825,6569.829,8042.037,6723.219,8036.59,6102.059,8655.327,7529.983,8185.75,6865.022,8241.79,7107.637,7277.953,6301.854,6718.537,6254.427,7306.63
,0,186,0,206.0912,7.798005,0.09381799,C13-label-3,tryptophan,HMDB00929,C11H12N2O2,0.2980051,6.959618,203.0825,0.0,354.0594,138.903,291.8609,0.0,272.934,0.0,197.8708,0.0,217.0875,0.0,0.0,190.6123,250.2268,329.9161,160.7705
,0,187,0,208.0976,7.77785,0.0489789,C13-label-5,tryptophan,HMDB00929,C11H12N2O2,0.2778497,8.505646,203.0825,0.0,0.0,0.0,0.0,0.0,0.0,0.0,0.0,0.0,0.0,157.2934,0.0,0.0,0.0,0.0,0.0
,0,188,15,195.051,5.214013,0.8281291,C12 PARENT,D-gluconate,HMDB00625,C6H12O7,0.2140126,0.07822973,195.051,38809.01,60284.64,13288.06,13211.22,14949.59,14352.82,14873.73,13356.49,12078.33,13533.63,13773.88,15296.57,18852.34,16056.72,16480.35,15096.47
,0,189,1,196.0544,5.213057,0.6854222,C13-label-1,D-gluconate,HMDB00625,C6H12O7,0.213057,0.1556587,195.051,1724.695,2592.716,474.3738,337.601,240.3295,641.9006,482.6281,452.5309,528.7066,648.7772,532.2747,943.0246,991.1981,1300.642,809.8101,593.3073
,0,190,3,197.0566,5.215648,0.6640505,C13-label-2,D-gluconate,HMDB00625,C6H12O7,0.2156477,5.884914,195.051,693.89,723.0593,0.0,668.9531,478.0219,757.4398,538.1104,818.1318,865.5354,839.4844,241.9189,617.1551,417.0303,839.6265,518.7473,488.0657
,0,191,0,198.0599,5.3098,0.09572644,C13-label-3,D-gluconate,HMDB00625,C6H12O7,0.3098001,6.009184,195.051,0.0,0.0,0.0,174.2504,0.0,148.5763,0.0,0.0,0.0,0.0,0.0,0.0,0.0,0.0,0.0,0.0
,0,192,0,199.0648,5.234467,0.09058002,C13-label-4,D-gluconate,HMDB00625,C6H12O7,0.2344666,1.53305,195.051,0.0,0.0,0.0,0.0,0.0,0.0,117.3088,0.0,0.0,0.0,0.0,0.0,0.0,0.0,0.0,0.0
,0,193,6,200.0678,5.230702,0.8228768,C13-label-5,D-gluconate,HMDB00625,C6H12O7,0.2307019,0.1525362,195.051,0.0,0.0,1014.228,2282.737,897.6482,1632.426,1093.258,2606.986,1106.129,2056.636,165.4555,2298.319,1504.764,2999.725,2094.051,2818.947
,0,194,14,201.0712,5.254666,0.8366396,C13-label-6,D-gluconate,HMDB00625,C6H12O7,0.2546659,0.2276625,195.051,0.0,0.0,19669.36,36066.64,20903.84,32066.27,23352.87,39885.71,20655.96,35639.24,21484.99,41048.57,26315.99,47683.06,29721.15,45600.66
,0,195,16,191.0198,13.77105,0.8219005,C12 PARENT,isocitrate,HMDB00193,C6H8O7,0.171052,0.4792842,191.0198,203933.9,140490.6,214458.9,153226.7,225601.0,175700.4,210337.0,188983.0,184021.6,195445.9,175519.6,194728.0,192992.2,211454.2,200131.5,203495.3
,0,196,15,192.0232,13.77011,0.828361,C13-label-1,isocitrate,HMDB00193,C6H8O7,0.1701078,0.6357064,191.0198,10489.16,7720.478,13416.46,9624.458,12611.04,10283.96,13211.55,9406.388,13748.05,11850.94,12320.89,12012.35,14869.34,13170.33,14817.72,13690.89
,0,197,12,193.0265,13.76914,0.8250055,C13-label-2,isocitrate,HMDB00193,C6H8O7,0.169138,0.07905025,191.0198,198.8604,142.0759,3888.399,266.9068,44347.55,1779.564,67399.47,2282.612,73632.27,3679.673,68334.77,2941.757,56640.47,2552.927,58373.97,3446.594
,0,198,8,194.0299,13.777,0.8288571,C13-label-3,isocitrate,HMDB00193,C6H8O7,0.177001,0.3932074,191.0198,0.0,0.0,93.50607,0.0,1819.473,840.925,2933.933,1855.324,3778.34,3076.537,4220.635,930.6638,9447.953,620.643,10652.39,900.7417
,0,199,4,195.0333,13.77674,0.7525726,C13-label-4,isocitrate,HMDB00193,C6H8O7,0.1767445,0.782369,191.0198,0.0,0.0,0.0,0.0,0.0,0.0,102.0478,0.0,743.7946,95.0095,5172.62,118.8743,18326.58,590.6697,20506.32,633.4619
,0,200,5,196.0366,13.76305,0.812576,C13-label-5,isocitrate,HMDB00193,C6H8O7,0.1630497,0.6226918,191.0198,0.0,0.0,0.0,0.0,254.3942,0.0,1251.705,0.0,2652.049,0.0,4793.379,0.0,11161.02,171.6534,16357.34,426.5063
,0,201,2,197.0399,13.75499,0.7571503,C13-label-6,isocitrate,HMDB00193,C6H8O7,0.1549921,0.07744011,191.0198,0.0,0.0,0.0,216.7223,0.0,253.7173,110.9188,252.4537,244.4834,295.1678,135.6135,294.4102,1997.966,266.927,4371.862,234.8954
,0,202,4,184.9858,13.56735,0.8201717,C12 PARENT,3 phosphoglycerate,HMDB00807,C3H7O7P,0.002650261,0.494918,184.9858,11468.93,9169.839,4242.249,6321.699,1986.938,2614.768,846.0334,924.6367,830.5143,921.6483,1170.034,1214.445,250.6507,508.3821,369.0602,297.6978
,0,203,0,185.9893,13.568,0.06814572,C13-label-1,3 phosphoglycerate,HMDB00807,C3H7O7P,0.001999855,1.722868,184.9858,0.0,222.2849,87.54722,147.4873,0.0,158.8715,0.0,0.0,0.0,96.53158,0.0,0.0,76.61609,83.99885,0.0,0.0
,0,204,0,186.9925,13.57212,0.06635559,C13-label-2,3 phosphoglycerate,HMDB00807,C3H7O7P,0.002123833,0.4896068,184.9858,213.2574,0.0,169.1914,0.0,535.7353,239.0757,181.8764,276.094,180.9041,399.601,222.1224,760.6374,290.9808,118.3575,261.6173,0.0
,0,205,7,187.9958,13.57594,0.8271625,C13-label-3,3 phosphoglycerate,HMDB00807,C3H7O7P,0.005943298,0.5681593,184.9858,0.0,0.0,5878.892,2157.631,17863.01,9594.026,13559.53,8887.841,10145.19,10202.78,16223.45,18800.64,7704.632,10341.07,10117.83,7018.869
,0,206,7,168.9908,13.71868,0.8189227,C12 PARENT,Dihydroxyacetone phosphate,HMDB01473,C3H7O6P,0.001319885,0.0,168.9908,12992.71,7744.9,10140.0,6299.82,8665.867,5872.896,7250.329,4625.469,2513.192,1261.853,587.9459,327.7334,121.0267,87.01703,328.3265,245.6432
,0,207,0,169.9941,13.70202,0.2016263,C13-label-1,Dihydroxyacetone phosphate,HMDB01473,C3H7O6P,0.01797962,0.0,168.9908,260.4695,0.0,82.11471,0.0,239.2309,0.0,79.00884,0.0,0.0,0.0,0.0,0.0,67.2456,0.0,0.0,0.0
,0,208,0,170.9975,13.71506,0.06756567,C13-label-2,Dihydroxyacetone phosphate,HMDB01473,C3H7O6P,0.004943848,0.0,168.9908,0.0,0.0,0.0,0.0,79.5391,0.0,277.8003,0.0,214.3977,0.0,116.6786,0.0,84.12586,58.93361,96.1889,0.0
,0,209,8,172.001,13.73041,0.8138822,C13-label-3,Dihydroxyacetone phosphate,HMDB01473,C3H7O6P,0.01041412,0.8871347,168.9908,0.0,0.0,360.8657,208.1967,6754.328,1948.357,9355.015,3515.909,16516.32,6095.042,7000.796,3357.571,3182.245,2378.179,4605.746,3225.52
,0,210,16,164.0716,4.103504,0.8289571,C12 PARENT,phenylalanine,HMDB00159,C9H11NO2,0.03649569,0.8370066,164.0716,3368434.0,4162643.0,3505557.0,4620308.0,3501025.0,4390224.0,3716262.0,4984713.0,3258937.0,4685044.0,3181975.0,4645505.0,3642342.0,4752132.0,3359672.0,4684634.0
,0,211,16,165.0749,4.101598,0.8330887,C13-label-1,phenylalanine,HMDB00159,C9H11NO2,0.03840208,1.201661,164.0716,335068.2,408535.0,349462.0,453382.1,343806.3,428665.3,362985.5,496526.5,322231.9,462870.9,310132.9,459171.5,356727.5,472700.7,330037.8,453222.5
,0,212,15,166.0781,4.092066,0.7874323,C13-label-2,phenylalanine,HMDB00159,C9H11NO2,0.04793406,2.021294,164.0716,13466.98,15314.4,13129.46,19024.59,12550.68,16838.11,13530.86,19392.01,12386.39,18095.48,12579.32,17643.95,13455.93,18172.41,12607.63,18645.49
,0,213,4,167.0815,4.092067,0.833635,C13-label-3,phenylalanine,HMDB00159,C9H11NO2,0.0479331,1.917831,164.0716,478.4759,777.4578,205.8436,644.8161,284.147,880.0511,509.5482,1172.998,410.7981,826.4412,231.4858,661.0134,502.2054,400.0944,186.726,868.677
,0,214,2,168.0851,4.101753,0.7323929,C13-label-4,phenylalanine,HMDB00159,C9H11NO2,0.03824711,0.2723404,164.0716,231.8149,209.8901,176.5578,481.2187,0.0,414.3288,0.0,680.9954,0.0,439.7224,0.0,675.7722,327.1095,715.2425,242.8748,703.2565
,0,215,0,169.0886,4.1203,0.1088477,C13-label-5,phenylalanine,HMDB00159,C9H11NO2,0.01969957,0.5414487,164.0716,0.0,0.0,0.0,0.0,0.0,0.0,0.0,800.6476,0.0,0.0,0.0,0.0,0.0,0.0,0.0,681.8479
,0,216,0,170.0925,4.128034,0.0500187,C13-label-6,phenylalanine,HMDB00159,C9H11NO2,0.01196623,4.216329,164.0716,0.0,0.0,0.0,0.0,0.0,0.0,0.0,0.0,0.0,0.0,0.0,0.0,0.0,196.8924,0.0,178.8151
,0,217,0,172.0975,4.115433,0.05043375,C13-label-8,phenylalanine,HMDB00159,C9H11NO2,0.02456665,5.851764,164.0716,0.0,0.0,0.0,0.0,0.0,0.0,0.0,0.0,0.0,0.0,277.3058,334.366,0.0,354.871,0.0,0.0
,0,218,16,146.0458,4.249355,0.8319453,C12 PARENT,glutamate,HMDB03339,C5H9NO4,0.04935551,0.5223971,146.0458,1652194.0,1316937.0,1397863.0,1243890.0,1544214.0,1317517.0,1634818.0,1452083.0,1568133.0,1443375.0,1563781.0,1382171.0,973313.4,1339022.0,873441.0,1065245.0
,0,219,16,147.049,4.245542,0.8351924,C13-label-1,glutamate,HMDB03339,C5H9NO4,0.04554176,1.971564,146.0458,84454.88,70438.15,72959.88,64134.89,84758.55,67377.21,83185.59,73154.15,83822.85,79690.07,85095.55,73629.7,78995.32,70645.23,72443.93,58329.47
,0,220,9,148.0523,4.242683,0.8336532,C13-label-2,glutamate,HMDB03339,C5H9NO4,0.04268312,2.061266,146.0458,1248.085,1064.284,1529.952,730.4888,3696.343,1362.075,9454.708,2357.04,59182.43,7458.715,231989.7,16570.5,360160.5,20931.87,336499.1,46557.89
,0,221,6,149.0555,4.254102,0.7640414,C13-label-3,glutamate,HMDB03339,C5H9NO4,0.05410194,2.661608,146.0458,0.0,0.0,0.0,835.2036,0.0,0.0,0.0,0.0,1775.222,2132.579,13808.26,7214.24,79441.01,5902.007,96225.22,10665.42
,0,222,4,150.059,4.242239,0.8345263,C13-label-4,glutamate,HMDB03339,C5H9NO4,0.04223871,1.728646,146.0458,0.0,0.0,0.0,0.0,0.0,0.0,0.0,0.0,417.1081,0.0,12624.21,0.0,87461.98,254.7519,130631.5,2202.545
,0,223,3,151.0623,4.238529,0.7409174,C13-label-5,glutamate,HMDB03339,C5H9NO4,0.0385294,2.626251,146.0458,0.0,0.0,0.0,0.0,0.0,0.0,0.0,0.0,0.0,0.0,4763.936,0.0,34713.97,0.0,64410.52,1159.798
,0,224,12,133.0143,12.77721,0.7990076,C12 PARENT,malate,HMDB00744,C4H6O5,0.07720661,0.4588618,133.0143,130915.3,10232.88,118061.3,7889.039,154146.4,6937.127,135595.2,9910.685,83866.54,6936.759,106097.7,9274.964,71390.71,43524.04,70007.82,25841.06
,0,225,9,134.0177,12.77054,0.7870819,C13-label-1,malate,HMDB00744,C4H6O5,0.07053757,0.9108528,133.0143,4929.094,425.683,4405.803,76.4028,6135.698,216.1051,4741.015,116.4955,2683.376,76.35321,4739.609,141.4801,5354.387,1787.605,6292.923,957.8323
,0,226,4,135.021,12.79029,0.8041018,C13-label-2,malate,HMDB00744,C4H6O5,0.09028721,0.6780632,133.0143,0.0,0.0,0.0,0.0,0.0,0.0,100.2486,0.0,1024.294,101.1623,9163.797,0.0,25626.95,621.9836,29118.78,833.5975
,0,227,6,136.0244,12.78461,0.8383994,C13-label-3,malate,HMDB00744,C4H6O5,0.08460712,0.5608847,133.0143,0.0,0.0,79.56322,0.0,740.4388,292.2469,1996.669,612.6052,2710.75,913.4299,7563.837,898.103,14978.75,3555.6,23614.06,2883.597
,0,228,1,137.0276,12.78561,0.7561455,C13-label-4,malate,HMDB00744,C4H6O5,0.08560848,0.1113555,133.0143,0.0,0.0,64.68286,113.9564,61.43163,0.0,75.81126,124.0396,88.31229,147.2812,431.5504,388.782,3460.678,588.1402,7954.168,217.3975
,0,229,16,132.0302,4.412355,0.8398286,C12 PARENT,aspartate,HMDB00191,C4H7NO4,0.3623548,0.3467113,132.0302,607735.2,234045.5,504982.7,210079.6,625393.0,235540.6,543818.1,222375.2,485228.1,204376.6,674065.8,240760.1,528688.7,496005.8,400910.9,385517.9
,0,230,16,133.0335,4.415215,0.828642,C13-label-1,aspartate,HMDB00191,C4H7NO4,0.3652153,0.5734939,132.0302,24712.32,8949.442,19686.14,8090.1,25984.9,7939.379,23995.2,8321.062,20184.72,7824.675,30722.83,9592.71,46652.34,19947.64,41939.68,17209.49
,0,231,8,134.0366,4.418076,0.8357681,C13-label-2,aspartate,HMDB00191,C4H7NO4,0.3680754,2.846004,132.0302,271.2239,161.2818,617.257,192.9949,609.6307,473.0255,875.7391,636.6582,4203.93,1285.4,57068.52,3306.801,175660.1,5979.939,162329.8,12710.68
,0,232,12,135.0402,4.40581,0.8406252,C13-label-3,aspartate,HMDB00191,C4H7NO4,0.3558102,0.677966,132.0302,0.0,0.0,147.1248,0.0,1642.766,1137.393,5615.295,4334.562,16910.4,17581.18,45009.2,31151.65,111025.4,40316.41,134843.0,45282.34
,0,233,3,136.0435,4.410012,0.7791933,C13-label-4,aspartate,HMDB00191,C4H7NO4,0.3600116,1.009449,132.0302,0.0,0.0,0.0,0.0,0.0,0.0,0.0,0.0,162.8104,0.0,2748.277,133.188,22783.4,280.7752,44219.96,421.2168
,0,234,16,130.0509,8.073797,0.8198639,C12 PARENT,N-Acetyl-L-alanine,HMDB00766,C5H9NO3,0.1037974,0.5866465,130.0509,161691.5,28072.84,135117.9,21026.08,138837.5,21014.79,138449.7,22842.16,110058.9,23372.59,147459.1,22655.72,111473.4,22904.18,78975.35,24207.28
,0,235,13,131.0542,8.07761,0.8321471,C13-label-1,N-Acetyl-L-alanine,HMDB00766,C5H9NO3,0.1076102,0.9314482,130.0509,7518.673,1985.521,5948.056,477.8524,7149.682,881.3972,6267.569,964.4538,5221.404,1044.647,7136.125,1051.746,5740.164,1042.98,3748.696,733.158
,0,236,3,132.0575,8.072272,0.8187147,C13-label-2,N-Acetyl-L-alanine,HMDB00766,C5H9NO3,0.1022725,1.039918,130.0509,0.0,123.0874,0.0,0.0,0.0,0.0,0.0,0.0,427.7617,0.0,2363.682,0.0,6061.725,0.0,9584.265,115.0841
,0,237,5,133.0608,8.070477,0.8187317,C13-label-3,N-Acetyl-L-alanine,HMDB00766,C5H9NO3,0.1004777,1.720127,130.0509,146.1174,0.0,0.0,0.0,0.0,0.0,0.0,0.0,249.96,0.0,3284.32,156.5441,8455.665,987.9322,14506.81,1479.878
,0,238,1,134.0643,8.063183,0.7184808,C13-label-4,N-Acetyl-L-alanine,HMDB00766,C5H9NO3,0.09318304,1.024352,130.0509,0.0,0.0,0.0,0.0,0.0,0.0,0.0,0.0,0.0,0.0,136.2999,0.0,270.7318,0.0,2126.67,0.0
,0,239,3,135.0677,8.064075,0.831692,C13-label-5,N-Acetyl-L-alanine,HMDB00766,C5H9NO3,0.09407473,0.5648569,130.0509,0.0,0.0,0.0,0.0,0.0,0.0,118.6211,0.0,0.0,0.0,3601.298,0.0,12254.19,0.0,26051.29,0.0
,0,240,11,117.0194,11.57588,0.8120709,C12 PARENT,Succinate,HMDB00254,C4H6O4,0.004118919,0.9127682,117.0194,10843.81,3910.062,7750.236,2285.58,4064.357,1827.348,4875.752,2691.58,5859.943,2823.05,7654.106,2945.897,8597.74,2913.722,9066.229,3650.391
,0,241,0,118.0227,11.56609,0.2414353,C13-label-1,Succinate,HMDB00254,C4H6O4,0.01390743,0.4525042,117.0194,304.1543,193.1656,316.8304,58.78143,51.50817,75.8534,153.4426,51.95495,206.6462,41.96513,152.0725,126.4802,604.9156,0.0,551.199,154.7736
,0,242,2,119.0261,11.57215,0.8225573,C13-label-2,Succinate,HMDB00254,C4H6O4,0.007850647,0.2563941,117.0194,0.0,0.0,0.0,0.0,0.0,0.0,0.0,0.0,61.47373,0.0,791.6226,0.0,2209.112,0.0,2670.002,0.0
,0,243,2,120.0298,11.57197,0.8047529,C13-label-3,Succinate,HMDB00254,C4H6O4,0.008032799,3.432387,117.0194,0.0,0.0,0.0,0.0,0.0,0.0,0.0,0.0,37.08407,0.0,0.0,0.0,606.6358,0.0,1297.281,0.0
,0,244,0,121.0328,11.57304,0.0648728,C13-label-4,Succinate,HMDB00254,C4H6O4,0.0069561,0.3782147,117.0194,105.6172,0.0,0.0,153.0654,78.8483,94.0097,131.8147,166.8128,51.18225,91.22943,106.0349,59.71922,678.8651,55.22473,1177.523,110.9527
,0,245,15,116.0505,7.793204,0.8257642,C12 PARENT,indole,HMDB00738,C8H7N,0.2932038,0.2629679,116.0505,100097.2,124901.9,106954.1,120961.0,96783.01,125357.0,98813.94,120261.5,90801.84,124083.2,96549.62,111891.9,91341.8,119902.6,91143.41,105119.6
,0,246,16,117.0539,7.798006,0.828348,C13-label-1,indole,HMDB00738,C8H7N,0.2980056,0.3910708,116.0505,7383.356,7659.348,6666.677,9395.21,6611.598,9628.816,6647.969,7987.652,5677.615,7596.097,6263.135,8068.749,5930.233,8876.453,6013.012,6910.513
,0,247,0,118.0572,7.797071,0.09884286,C13-label-2,indole,HMDB00738,C8H7N,0.2970705,0.7108697,116.0505,0.0,351.4891,116.0961,0.0,136.3513,264.1757,0.0,0.0,0.0,101.1353,0.0,191.2532,0.0,229.9863,0.0,151.3773
,0,248,13,115.0401,13.40931,0.8336673,C12 PARENT,2-keto-isovalerate,HMDB000193,C5H8O3,0.3493052,0.6631945,115.0401,36810.98,20623.53,7367.456,7017.037,9762.915,7427.19,9389.448,7385.037,11524.52,7990.333,21045.2,11596.3,56868.62,33936.96,64333.19,36491.46
,0,249,8,116.0435,13.40075,0.8164345,C13-label-1,2-keto-isovalerate,HMDB000193,C5H8O3,0.3407488,0.5917143,115.0401,1608.181,779.1741,242.1624,371.2967,243.5494,92.51109,393.6616,201.8982,248.3264,441.4637,431.0348,470.8222,2238.049,971.1642,2973.385,1806.98
,0,250,0,117.0467,13.39007,0.05923913,C13-label-2,2-keto-isovalerate,HMDB000193,C5H8O3,0.3300667,0.2607298,115.0401,0.0,0.0,0.0,0.0,0.0,0.0,0.0,0.0,0.0,0.0,0.0,0.0,55.38881,41.7778,41.7269,0.0
,0,251,0,118.0511,13.4563,0.0482612,C13-label-3,2-keto-isovalerate,HMDB000193,C5H8O3,0.3962994,7.82004,115.0401,0.0,0.0,48.56877,136.9134,0.0,0.0,60.386,0.0,57.364,66.37361,0.0,0.0,0.0,42.70038,53.53447,87.90733
,0,252,0,120.0571,13.43103,0.04759455,C13-label-5,2-keto-isovalerate,HMDB000193,C5H8O3,0.3710327,2.160638,115.0401,0.0,0.0,0.0,51.58732,0.0,53.58156,0.0,0.0,0.0,84.10735,0.0,0.0,0.0,0.0,0.0,0.0
,0,253,16,115.0037,4.410448,0.8381601,C12 PARENT,fumarate,HMDB00134,C4H4O4,0.0004477501,0.2653618,115.0036,106436.8,36465.39,83808.24,29027.02,112012.0,35289.32,96841.43,32790.61,84156.88,29453.14,121142.7,35834.84,91033.54,77817.56,70738.04,62764.21
,0,254,13,116.007,4.418074,0.8398996,C13-label-1,fumarate,HMDB00134,C4H4O4,0.008074284,0.2630666,115.0036,2783.057,1272.868,2699.677,1063.858,4072.122,1056.702,3335.779,1276.431,2669.27,1138.111,3977.617,1645.098,7796.604,3017.924,6147.41,1933.226
,0,255,4,117.0103,4.405235,0.7375748,C13-label-2,fumarate,HMDB00134,C4H4O4,0.004764557,0.7172298,115.0036,101.8134,0.0,0.0,0.0,0.0,0.0,121.1241,0.0,506.5366,0.0,8171.927,156.0043,29893.88,550.1167,27081.78,1333.585
,0,256,8,118.0137,4.418036,0.8314862,C13-label-3,fumarate,HMDB00134,C4H4O4,0.008036137,0.4525385,115.0036,0.0,0.0,0.0,0.0,162.0777,125.6206,995.7938,724.509,2134.961,2087.937,7505.546,4276.226,18811.42,4696.086,22913.12,5994.271
,0,257,2,119.0171,4.410428,0.6999549,C13-label-4,fumarate,HMDB00134,C4H4O4,0.0004277229,0.3205167,115.0036,0.0,0.0,0.0,0.0,0.0,0.0,0.0,0.0,0.0,0.0,725.8869,0.0,3257.187,0.0,6917.826,0.0
,0,258,16,102.056,4.250308,0.8369871,C12 PARENT,4-aminobutyrate,HMDB00112,C4H9NO2,0.2503076,0.2990276,102.056,1140313.0,931406.0,946719.0,851433.5,1052580.0,897967.1,1107351.0,965076.0,1062847.0,996121.7,1037618.0,934580.3,641087.2,898690.6,581157.3,708712.3
,0,259,16,103.0593,4.245543,0.8389547,C13-label-1,4-aminobutyrate,HMDB00112,C4H9NO2,0.245543,0.6662619,102.056,46476.2,34098.79,37720.3,36677.92,43427.84,35308.57,51765.93,39421.36,72298.47,42127.43,174547.1,38923.91,226830.4,43974.61,220335.9,45914.98
,0,260,10,104.0626,4.250309,0.8346274,C13-label-2,4-aminobutyrate,HMDB00112,C4H9NO2,0.2503085,1.173045,102.056,431.9076,302.1358,252.6445,210.187,704.8425,279.5117,719.7549,1087.195,5095.309,3955.636,26671.92,9204.278,78168.98,5618.389,85195.65,13359.14
,0,261,5,105.066,4.255716,0.7892646,C13-label-3,4-aminobutyrate,HMDB00112,C4H9NO2,0.2557163,0.8713821,102.056,0.0,0.0,0.0,0.0,0.0,0.0,0.0,0.0,457.5143,628.7421,8992.959,2696.23,62216.53,2539.308,88403.48,5740.685
,0,262,2,106.0694,4.242342,0.7824257,C13-label-4,4-aminobutyrate,HMDB00112,C4H9NO2,0.242342,0.8631393,102.056,0.0,0.0,0.0,0.0,0.0,0.0,0.0,0.0,0.0,0.0,2242.1,0.0,20970.31,0.0,45775.35,692.9925
,0,263,14,87.00874,8.588458,0.8225976,C12 PARENT,pyruvate,HMDB00243,C3H4O3,0.001542091,0.3507414,87.00874,108683.1,105656.6,35837.08,62386.14,22472.16,49015.08,32051.62,61197.39,33726.25,51053.14,22956.29,33816.52,26187.12,20230.6,19934.02,16162.7
,0,264,3,88.01211,8.577972,0.7634764,C13-label-1,pyruvate,HMDB00243,C3H4O3,0.01202774,0.1733714,87.00874,1925.977,1930.844,503.3866,1151.901,338.348,1214.884,711.2324,932.0224,726.6206,698.6436,664.5697,729.9189,873.043,556.0022,1288.568,781.5259
,0,265,4,89.01545,8.577115,0.7295956,C13-label-2,pyruvate,HMDB00243,C3H4O3,0.01288509,0.3428345,87.00874,121.7652,0.0,0.0,0.0,0.0,0.0,117.0535,154.9265,319.11,231.832,1361.053,1076.32,5293.169,4256.835,6009.669,5613.319
,0,266,11,90.0188,8.5844,0.8280782,C13-label-3,pyruvate,HMDB00243,C3H4O3,0.005599976,0.3390133,87.00874,0.0,0.0,1645.064,586.2802,4234.854,3652.398,11622.65,6830.18,25838.45,20148.13,72442.52,66456.2,183875.1,188028.0,250430.8,222984.0
